{"chUqqXHezlz+wOFlquRf6w==":"doctor2-1023x835.png","sF6NW4pBhQoop6d/2UtUtg==":"dentist-600x600.png","uAJtf43ZPQMtXHcKVlTJhg==":"man-person-portrait-face-preview-728x728.jpg","+f7PNNLD0w55fZ99cWYVLw==":"shashwat-sharma-1488x1457.jpg","DJ2kOP3da9R8nF29+uiwXw==":"woman-crop-200x200.jpg","JC4aHCb1PhUWdFDkwa7T9w==":"profilehomepage360pix-300x300.png","lfmzqsv7Z3d0jtVNvnblCw==":"38570453_xxl-min2-1920x1080.jpg","j0BfgwWCdSbqcN0q22xBjw==":"fondo_medsyscloud_r1_c1-1920x1080.jpg","2G1LhgmwAMHzNgikuP66zQ==":"753898-blue-background-2000x1250.jpg","uMbzEKDWwEBKAmKbOVym9A==":"shutterstock-270747038-1024x500.jpg","/b/I9A7i+5EolpDBr+V1QQ==":"adobestock-101503422-1383x922.jpg","iopPdWGX74YB4jPRYdX3dA==":"eyes_medicine_glance_547947_1920x1080-1920x1080.jpg","fg5Ym4Bu4YzIeJ5VqK6umw==":"_98024526_4ba27216-402c-48bd-951b-fed53d95d627-976x549.jpg","qPVJUQyWjJPGJjStsTnw1g==":"_98024526_4ba27216-402c-48bd-951b-fed53d95d627-1-976x549.jpg","KQ7ul/BNNwNuwq/lza3NNA==":"ddddd-1920x1328.jpg","Rn/cczEHuXDKzqOADGIJuw==":"getty-628483496.jpg","d8Sh+1BzLjmuCIiniK1fdQ==":"580b585b2edbce24c47b247c.png","mgtXqq+V/NfrQKzY7b6Oig==":"jlkljjkj-r1-c1.jpg","XJ3+JhpZ/g+gXr7og0k9Ng==":"for-physicians.jpg","aTKGqBf9wtJkSO2wZ7NJQw==":"depositphotos-107762290-stock-photo-dentist-with-tablet-pc-patient.jpg","dgYjYX2+ZsE0EbZLctu5BA==":"depositphotos-77043163-original.jpg","2yciSRr1Xl3qg9aFvX/K4g==":"-98024526-4ba27216-402c-48bd-951b-fed53d95d627.jpg","ufOlfAygLx6a3Yj7fbk7BQ==":"home-built-for-independent-practice.png","XXD2iR+H/5sc8ncQ7LCsrQ==":"whatsapp-viejos-modelos.jpg","f1sjbXQRwa9QQSok5f4r7Q==":"foto-vacia.png","zxMureesVAdyioX3rI+92g==":"dentist.png","HtlwbdAmRrVhFBOynKMV4Q==":"icon.png","1Htu8slQ6SvyRDHkMLgOvA==":"pregnancy.png","8PBgy7CGxYomxMQCJDhTpQ==":"medicine-briefcase.png","XrhMr28tCn3EXsP7jU64cA==":"heartbeat.png","8AKaBM8V0WUyudVvEyK7aw==":"microscope.png","JV+c2+H7HF2128eTPchrAg==":"bg-slider.jpg","DBB8qXNcVDFApcgxRLyNfg==":"docsandnurses.png","coo+nVkP2AvByvDl/ffMFQ==":"jlkljjkj-r1-c1-1.jpg","dMy4NKj93Lr7JEAUASA17Q==":"background4.jpg","LaTnzPevUIrhkOBs1hi8Qw==":"pe5wzf0-r1-c1.jpg","7WbkymSq6mPoCwHK1fNsWQ==":"iphone-x-mockup2-r1-c1.png","KDl2wfIU+zTNGvMk95Q2eA==":"gynecologist.jpg","qz8hdoaJjNkD4bCW8OQQzg==":"shutterstock-114258754fileminimizer.jpg","vfzJnuRBEEC1tJc1M3869Q==":"imgid83599972.jpg","YH7kduPBmopI0An95+vPmw==":"doctor-patient-communication-773324713.jpeg","shoa4M5BweVKZfllFwcjSQ==":"joven-pareja-feliz-viendo-algo-en-un-telefono-inteligente-y-sentado-en-el-banco-52137.jpg","yg84wOK/QNea3bDxwVvWXw==":"dating-app.0.jpg","iGkYKctZKJh+UVodYztSSg==":"directorio1.jpg","pFcI6DWTetP87czZW5Ad6A==":"banner-r1-c1.png","+UX2dJ8QJ7NOkwG5z0RucQ==":"banner-r1-c1-1.png","Ip9S4xsp9KTQlKS9pMdjcg==":"barra3-r1-c1.png","fmWvh4kxrpZS6+CCl8Yq0w==":"20-r1-c1.jpg","t6PRvzXKYJ2CTwHlI9bJ5Q==":"tecladodoctor.jpg","Qz+he7UctobPknZ58RmOZg==":"odontotrans.png","ydbWSgeVTxcl0ODpN+kKCA==":"ginecotrans.png","O+HA0woMSLGrVNcuOtry8w==":"medgentrans.png","zSYcVfV3SY79NAiJo9GMOQ==":"71idaylbq8l.-sl1500-.jpg","vCphHRusHTc0mAKHHDSXCQ==":"banner2019-r1-c1.jpg","4vf955IMAqzVBOY/QxKH6w==":"banner2019-r1-c1-1.jpg","w8TaI5MtPBaQxV/Zm8YNWQ==":"2.jpg","hoh3YD2at260iVFE/ARcZQ==":"4.jpg","JL2DcMJI/j0kAGlfC6j8Ng==":"2-1.jpg","bc1CxkNNrPUkp/F09Efj9A==":"7.jpg","GkpTnmGbQlHUngWbFpsK5A==":"doctord.jpg","/9ERXiMvMr1KGAEo/P6EiQ==":"background5.jpg","5W43fWpxITnbsj0BGS/e1Q==":"mbr-1-1620x1080.jpg","2r+m+64ya5wkO3jYl4HQNA==":"03.jpg","eY6i/JVGLcrF0RzDUQ/AiA==":"2886456741.png","0WQHNXkrBtbhsqkaxF2C3g==":"kjkjkjk-r1-c1.jpg","SDE4iaHaZ/Z0x9SUF1dukQ==":"kjkjkjk-r1-c12.jpg","QssxbqZSwhL7kNs4ECGwiw==":"kjkjkjk-r1-c12-1.jpg","1O7fIL+4KnZC+ZeG7RTuyg==":"kjkjkjk-r1-c12-2.jpg","qyMHGRMbbCIuJM79hwvGIw==":"bancloud-c1.jpg","zapsYle5nISB7wz+Mo/CSg==":"tabled-medsyscloud-r1-c1-1.png","JVq5G3X5nyp5HCkPgMNe7A==":"jlkljjkj-r1-c1-2.jpg","Ga3NGtuVet6BVRze2qn+FQ==":"iphone-x-mockup2-r1-c1-1.png","hKDSKIfSRcb4pYZJRRq1hg==":"pe5wzf0-r1-c1-1.jpg","oyhCZwtNS9b/hFM+nn7dsw==":"12306262-r1-c1.jpg","qgxIK3G0Q/ADX+lpdcbAiw==":"blog-roblox-marshall-r1-c1.jpg","EHLXJz30A6msu4l2DcV76A==":"background2.jpg","CZT3JpFo5SOxrD4m2Qv3Vw==":"peek-a-boo.jpg","scFe7rQL3M33VOplI5eMwQ==":"laptop-family.jpg","rH+L0MWS4Rv+3zBWTs2UhA==":"thumbs-up1800x1200.jpg","M3riT52/3mA8YQyJOyXEzQ==":"kjkjkjk-r1-c1.png","DJ8cVxuAQWKGL2S1StvIqA==":"kjkjkjk-cloud.png","jUO2qzd1wrHxQ4kljBN3dw==":"kjkjkjk-cloud-r1-c1.png","D2965GBJjAD67LG4x8Zp2Q==":"kjkjkjk-cloud-r1-c1-1.png","M2RQUTYcIclnJ7kMoPJg8A==":"kjkjkjk-cloud-r1-c1-2.png","uJBWkH14YKGK00CN9zptvQ==":"logo-medsyscloud2019-min.png","IM1dcwjolJEQAo95usp22g==":"card1-2.png","gyh1CeeUQ/q696zRvMhM2A==":"card2-2.png","G7ppxFmBiA01WEKusq5Vzg==":"01.jpg","qZv8NItN9fhy5Jfu8d/ZLQ==":"mbr.jpg","J+oXgQuCNYt6DvhqOkthGg==":"mbr-1.jpg","/JcU3X6b65tlThXJyoUiTQ==":"vaio-tap-11-4-r1-c1.jpg","sUbA98Bqa6Gfilbq/aLa/g==":"background1.jpg","DzwXhymnQMM7AsfljhQU6w==":"kids-r2-c1.jpg","R5RHQnQv/JtTcD154O3s9w==":"kids-r2-c1-1.jpg","t1dAEWLscejUig1IIZynyg==":"card3-1.png","jqdjZ4Sm6JstVIMCnUXBcg==":"kids.png","HU/3ayO4Xa1qwpibBcvBBQ==":"banner-medsys-r1-c1.jpg","EtO1btbZCA5YZh9+RTI/1Q==":"1024px-windows-logo-2012-derivative.svg.png","DvVwwm6fH+yi834STk74Hw==":"icon1min.png","IgZBqR28JRY2A1TtB3ckDw==":"icon3min.png","WpADdPnng9LUTpZ8LKtDxA==":"icon4min.png","XKvw5+V4aezIZz3S6V9s4g==":"icon2min.png","1lGJ/eRmaWSP2avKF79CDg==":"fondoredoscuro.jpg","ofUsxu//q4BTahHux23eHg==":"3b3b1b5894f3d1e8ff10826c847fff86.jpg","cVQhpC8vLc6dI1nNoLCEuQ==":"icon4min-1.png","/LIzeCS5wonOtJZPXFf+4w==":"background-1-1920x955.jpg","xKYvaJL6E6Extxgsc9UM5Q==":"doctors.jpg","v/jB/L7qP+eboruvXQOY5w==":"jkjlcomp.jpg","UQNOWs2+0JKBiaKo+xsMlg==":"barra-r1-c1.jpg","/lwPXBLxxl5cN+sKpbO/ww==":"barra-r1-c1-1.jpg","n+VDVkyH1yr8NWxRb+KpIA==":"barra-r1-c1-2.jpg","fNU78aVq8atR0qSVKrCNqA==":"barra-r1-c1-3.jpg","Wc1PJCVbFFFNFO7raOoYIA==":"barra-r1-c1-4.jpg","WkKbkww5beo/klbxYrqMaw==":"barra-r1-c2.jpg","lHK02NVvmw8gLxbTDG1V5g==":"barraanual.jpg","F9WcWtX3CJVMW9ILgOTcKg==":"barra-ifinito.jpg","GjiyGycdSjr82YEE8EUP7Q==":"banner-medsys-2020-r1-c1.jpg","47iDDco7P4/2UB4MGr6vuQ==":"card2-medsys7.png","kuhRMkwOXm37p/KZqmwiNg==":"banner-medsys-2020-r1-c1-1.jpg","4yTH4NjbTjMMLduksPHT0Q==":"vaio-tap-11-4-2020-r1-c1.jpg","Y42G9ovT2dCGToezRGkjFA==":"elearning-kids-r1-c1.jpg","ywe5aIXJQJ6juvjPW1CtCA==":"portada-r2-c1.jpg","yIWJe7kJIQR1NQW4gbv1Pw==":"elearning-kids-r1-c1-1.jpg","sra1G5z+V3WjEC7du9g5yA==":"portada-r1-c1.png","01TpkYXdNF+SuaEyg/86BQ==":"slide1.jpg","j3weLbmM20zmWKWm5GjSCg==":"encasa.jpg","UAc7kepzJPkrSn4uqTRvmw==":"background4.jpg","Vrj/DGT7263NxoVazCAE2w==":"unnamed%20(1)-256x256.png","q32OrHXKV6175v2BGbtSXQ==":"pngtree-vector-server-icon-png-image-1658823-640x640.jpg","g8uPdG+aY1W2Vl2MxMvstg==":"server1-500x256.png"}